{"cameraMode":{"drawMode":0,"name":"Shaded","section":"Shading Mode"},"sceneLighting":true,"audioPlay":false,"sceneViewState":{"showFog":true,"showMaterialUpdate":false,"showSkybox":true,"showFlares":true,"showImageEffects":true,"showParticleSystems":true},"in2DMode":false,"pivot":{"x":-48.945068359375,"y":-108.71184539794922,"z":-64.32464599609375},"rotation":{"x":0.00023087415320333093,"y":-0.9939743876457214,"z":0.10958883166313172,"w":0.002093816641718149},"size":1105.14453125,"orthographic":false}