{"cameraMode":{"drawMode":0,"name":"Shaded","section":"Shading Mode"},"sceneLighting":true,"audioPlay":false,"sceneViewState":{"showFog":true,"showMaterialUpdate":false,"showSkybox":true,"showFlares":true,"showImageEffects":true,"showParticleSystems":true},"in2DMode":false,"pivot":{"x":51.84138870239258,"y":20.896142959594728,"z":-18.823341369628908},"rotation":{"x":-0.040906477719545367,"y":0.5693697333335877,"z":-0.028383275493979455,"w":-0.8205755352973938},"size":15.576910972595215,"orthographic":false}